{
  "settings": {
    "homogeneous_models": [
      "gcn",
      "graphsage",
      "gat"
    ],
    "homogeneous_metapaths": [
      "APA",
      "APTPA",
      "APCPA",
      "ALL"
    ],
    "han_metapaths": [
      "APA",
      "APTPA",
      "APCPA",
      "APA+APTPA",
      "APA+APCPA",
      "APTPA+APCPA",
      "APA+APTPA+APCPA"
    ],
    "seeds": [
      7,
      42,
      123
    ],
    "max_epochs": 200,
    "patience": 40
  },
  "best_configs": {
    "gcn": {
      "lr": 0.01,
      "weight_decay": 0.0001,
      "hidden_dim": 128,
      "dropout": 0.2,
      "norm_type": "none",
      "residual": true
    },
    "graphsage": {
      "lr": 0.01,
      "weight_decay": 0.0005,
      "hidden_dim": 128,
      "dropout": 0.5,
      "norm_type": "batch",
      "residual": true
    },
    "gat": {
      "lr": 0.002,
      "weight_decay": 0.001,
      "hidden_dim": 64,
      "dropout": 0.5,
      "norm_type": "layer",
      "residual": true,
      "heads": 8
    },
    "han": {
      "lr": 0.005,
      "weight_decay": 0.0001,
      "hidden_dim": 64,
      "dropout": 0.6,
      "norm_type": "layer",
      "residual": false,
      "heads": 4
    }
  },
  "baseline_results": {
    "gcn": {
      "val_mean": 0.7991666396458944,
      "val_std": 0.0031180660887789313,
      "test_mean": 0.8044212261835734,
      "test_std": 0.0010927214824193025,
      "test_macro_f1_mean": 0.7960109607990166,
      "test_macro_f1_std": 0.0009735022364855848,
      "test_micro_f1_mean": 0.8044212465459011,
      "test_micro_f1_std": 0.0010927313736599407
    },
    "graphsage": {
      "val_mean": 0.8024999698003134,
      "val_std": 0.008897584637079558,
      "test_mean": 0.8116876482963562,
      "test_std": 0.003837537161783574,
      "test_macro_f1_mean": 0.8027572089775872,
      "test_macro_f1_std": 0.004237460846070725,
      "test_micro_f1_mean": 0.8116876471190257,
      "test_micro_f1_std": 0.0038375464659200957
    },
    "gat": {
      "val_mean": 0.7833333015441895,
      "val_std": 0.010474827585396881,
      "test_mean": 0.8017602960268656,
      "test_std": 0.006432198018940436,
      "test_macro_f1_mean": 0.7928111495399595,
      "test_macro_f1_std": 0.006343305788648047,
      "test_micro_f1_mean": 0.8017603111247569,
      "test_micro_f1_std": 0.006432199923230204
    },
    "han": {
      "val_mean": 0.9508333206176758,
      "val_std": 0.0011785101780616189,
      "test_mean": 0.9298945864041647,
      "test_std": 0.0021024138677724143,
      "test_macro_f1_mean": 0.9245842082006227,
      "test_macro_f1_std": 0.0024315985429041328,
      "test_micro_f1_mean": 0.9298945860198546,
      "test_micro_f1_std": 0.002102409025092009
    }
  },
  "han_metapath_mapping": {
    "APA": [
      "author",
      "metapath_0",
      "author"
    ],
    "APTPA": [
      "author",
      "metapath_1",
      "author"
    ],
    "APCPA": [
      "author",
      "metapath_2",
      "author"
    ]
  },
  "homogeneous": {
    "gcn": {
      "APA": {
        "status": "completed",
        "val_mean": 0.7991666396458944,
        "val_std": 0.0031180660887789313,
        "test_mean": 0.8044212261835734,
        "test_std": 0.0010927214824193025,
        "test_macro_f1_mean": 0.7960109607990166,
        "test_macro_f1_std": 0.0009735022364855848,
        "test_micro_f1_mean": 0.8044212465459011,
        "test_micro_f1_std": 0.0010927313736599407,
        "completed_seeds": [
          7,
          42,
          123
        ]
      },
      "APTPA": {
        "status": "completed",
        "val_mean": 0.7475000023841858,
        "val_std": 0.0020412395056397686,
        "test_mean": 0.7867157856623331,
        "test_std": 0.001669160853427581,
        "test_macro_f1_mean": 0.7778616176792033,
        "test_macro_f1_std": 0.0010353675112828903,
        "test_micro_f1_mean": 0.7867157916282879,
        "test_micro_f1_std": 0.0016691747446832598,
        "completed_seeds": [
          7,
          42,
          123
        ]
      },
      "APCPA": {
        "status": "completed",
        "val_mean": 0.9241666197776794,
        "val_std": 0.0011785101780616189,
        "test_mean": 0.90594615538915,
        "test_std": 0.004271540629958463,
        "test_macro_f1_mean": 0.8997258835836328,
        "test_macro_f1_std": 0.004874699539736238,
        "test_micro_f1_mean": 0.9059461672295569,
        "test_micro_f1_std": 0.004271545748584411,
        "completed_seeds": [
          7,
          42,
          123
        ]
      },
      "ALL": {
        "status": "completed",
        "val_mean": 0.9041666388511658,
        "val_std": 0.005137006770104722,
        "test_mean": 0.9114727179209391,
        "test_std": 0.0014688998789134555,
        "test_macro_f1_mean": 0.9012447176265413,
        "test_macro_f1_std": 0.0018674667300331122,
        "test_micro_f1_mean": 0.9114727254119332,
        "test_micro_f1_std": 0.00146890800270263,
        "completed_seeds": [
          7,
          42,
          123
        ]
      }
    },
    "graphsage": {
      "APA": {
        "status": "completed",
        "val_mean": 0.8024999698003134,
        "val_std": 0.008897584637079558,
        "test_mean": 0.8116876482963562,
        "test_std": 0.003837537161783574,
        "test_macro_f1_mean": 0.8027572089775872,
        "test_macro_f1_std": 0.004237460846070725,
        "test_micro_f1_mean": 0.8116876471190257,
        "test_micro_f1_std": 0.0038375464659200957,
        "completed_seeds": [
          7,
          42,
          123
        ]
      },
      "APTPA": {
        "status": "completed",
        "val_mean": 0.7808333039283752,
        "val_std": 0.005137006770104722,
        "test_mean": 0.7886603077252706,
        "test_std": 0.0010131520354647642,
        "test_macro_f1_mean": 0.7786709788563124,
        "test_macro_f1_std": 0.0013131371183807967,
        "test_micro_f1_mean": 0.7886603213591239,
        "test_micro_f1_std": 0.0010131506433948936,
        "completed_seeds": [
          7,
          42,
          123
        ]
      },
      "APCPA": {
        "status": "completed",
        "val_mean": 0.934166669845581,
        "val_std": 0.0031180448487094924,
        "test_mean": 0.9229352076848348,
        "test_std": 0.005863152234252707,
        "test_macro_f1_mean": 0.915693634421421,
        "test_macro_f1_std": 0.006754584750197351,
        "test_micro_f1_mean": 0.9229352164568622,
        "test_micro_f1_std": 0.005863140144264655,
        "completed_seeds": [
          7,
          42,
          123
        ]
      },
      "ALL": {
        "status": "completed",
        "val_mean": 0.85999995470047,
        "val_std": 0.0020412395056397686,
        "test_mean": 0.8574352463086446,
        "test_std": 0.0032621734238723033,
        "test_macro_f1_mean": 0.8481428017157238,
        "test_macro_f1_std": 0.004299704500778663,
        "test_micro_f1_mean": 0.8574352676286972,
        "test_micro_f1_std": 0.003262179398323458,
        "completed_seeds": [
          7,
          42,
          123
        ]
      }
    },
    "gat": {
      "APA": {
        "status": "completed",
        "val_mean": 0.7833333015441895,
        "val_std": 0.010474827585396881,
        "test_mean": 0.8017602960268656,
        "test_std": 0.006432198018940436,
        "test_macro_f1_mean": 0.7928111495399595,
        "test_macro_f1_std": 0.006343305788648047,
        "test_micro_f1_mean": 0.8017603111247569,
        "test_micro_f1_std": 0.006432199923230204,
        "completed_seeds": [
          7,
          42,
          123
        ]
      },
      "APTPA": {
        "status": "oom",